id,main_category,sub_category,detail_category,question,answer,is_template,usage,note,issue,createdAt,updatedAt,search_vector
108,利用の流れ,予約方法,ネット予約,予約方法を教えてください,メニューの「ご予約」ページからの24時間ネット予約のみとなります。電話、FAX、メールでのご予約は承っておりません。締切は利用日前日の22:00までです。,f,◯,ネット予約のみ対応,予約方法の明確化,2025-03-13 11:40:15.961,2025-03-13 11:40:15.961,'00までです':8A 'fax':5A 'ご予約':2A 'ネット予約':11B 'ネット予約のみ対応':13 'ページからの24時間ネット予約のみとなります':3A 'メニューの':1A 'メールでのご予約は承っておりません':6A '予約方法':10B '予約方法を教えてください':12C '利用の流れ':9B '締切は利用日前日の22':7A '電話':4A
109,利用の流れ,予約確認,完了画面,予約の完了はどうやって確認できますか？,1.予約完了画面の表示 2.予約受付メールの自動返信 のいずれかで確認できます。メールが来なくても、完了画面が表示されていれば予約は完了しています。,f,◯,完了画面が重要,予約完了確認の明確化,2025-03-13 11:40:15.983,2025-03-13 11:40:15.983,'1':1A '2':3A 'のいずれかで確認できます':5A 'メールが来なくても':6A '予約の完了はどうやって確認できますか':11C '予約受付メールの自動返信':4A '予約完了画面の表示':2A '予約確認':9B '利用の流れ':8B '完了画面':10B '完了画面が表示されていれば予約は完了しています':7A '完了画面が重要':12
110,利用の流れ,来場時,手順,当日の来場時の流れを教えてください,1.駐車場へ来場 2.受付 3.車両とカギのお預かり（※キーホルダー・家のカギは事前に取り外し） 4.空港まで無料送迎,f,◯,カギの付属品は事前に外す,来場時の流れ明確化,2025-03-13 11:40:15.985,2025-03-13 11:40:15.985,'1':1A '2':3A '3':5A '4':9A 'カギの付属品は事前に外す':15 'キーホルダー':7A '利用の流れ':11B '受付':4A '家のカギは事前に取り外し':8A '当日の来場時の流れを教えてください':14C '手順':13B '来場時':12B '空港まで無料送迎':10A '車両とカギのお預かり':6A '駐車場へ来場':2A
111,利用の流れ,帰着時,手順,帰着時（到着日）の流れを教えてください,1.空港到着後、荷物受取完了後に電話連絡 2.駐車場まで無料送迎 3.料金精算（現金のみ） 4.カギの返却,f,◯,携帯電話をオンにしておく,帰着時の流れ明確化,2025-03-13 11:40:15.99,2025-03-13 11:40:15.99,"'1':1A '2':4A '3':6A '4':9A 'の流れを教えてください':16C 'カギの返却':10A '利用の流れ':11B '到着日':15C '帰着時':12B,14C '手順':13B '携帯電話をオンにしておく':17 '料金精算':7A '現金のみ':8A '空港到着後':2A '荷物受取完了後に電話連絡':3A '駐車場まで無料送迎':5A"
112,利用の流れ,送迎時,注意点,送迎時の注意点はありますか？,1.ピーク時間や繁忙期はお迎えに時間がかかる場合があります 2.送迎車乗車までは携帯電話の電源を切らないでください,f,△,携帯電話が重要,送迎時の注意点明確化,2025-03-13 11:40:15.993,2025-03-13 11:40:15.993,'1':1A '2':3A 'ピーク時間や繁忙期はお迎えに時間がかかる場合があります':2A '利用の流れ':5B '携帯電話が重要':9 '注意点':7B '送迎時':6B '送迎時の注意点はありますか':8C '送迎車乗車までは携帯電話の電源を切らないでください':4A
113,利用の流れ,精算時,支払方法,精算時に必要なものはありますか？,現金のみでのお支払いとなります。カード決済は利用できません。,f,◯,現金のみ対応,精算方法の明確化,2025-03-13 11:40:15.996,2025-03-13 11:40:15.996,'カード決済は利用できません':2A '利用の流れ':3B '支払方法':5B '現金のみでのお支払いとなります':1A '現金のみ対応':7 '精算時':4B '精算時に必要なものはありますか':6C
114,利用の流れ,鍵管理,注意点,鍵の取り扱いで注意することは？,キーホルダーや家の鍵など、付属品の紛失・破損については責任を負いかねますので、事前に取り外してください。,f,◯,付属品の事前取り外し必須,鍵の取り扱い明確化,2025-03-13 11:40:15.999,2025-03-13 11:40:15.999,'キーホルダーや家の鍵など':1A '事前に取り外してください':4A '付属品の事前取り外し必須':9 '付属品の紛失':2A '利用の流れ':5B '注意点':7B '破損については責任を負いかねますので':3A '鍵の取り扱いで注意することは':8C '鍵管理':6B
115,利用の流れ,必要物,持ち物,利用時に必要な持ち物は？,1.運転免許証 2.予約時の電話番号が受信可能な携帯電話 3.精算用の現金,f,◯,携帯電話が必須,必要な持ち物明確化,2025-03-13 11:40:16.003,2025-03-13 11:40:16.003,'1':1A '2':3A '3':5A '予約時の電話番号が受信可能な携帯電話':4A '利用の流れ':7B '利用時に必要な持ち物は':10C '必要物':8B '持ち物':9B '携帯電話が必須':11 '精算用の現金':6A '運転免許証':2A
116,予約関連,予約条件,空き状況,予約したい日程に満車(×)の日が1日含まれています。空いている日だけ予約できますか？,予約期間中、すべての日程で空きが必要です。1日でも満車(×)の日が含まれる場合は予約できません。,f,✖️,希望日程をすべて空きのある日に変更してください,分割予約の問い合わせ防止,2025-03-13 11:40:16.008,2025-03-13 11:40:16.008,'1日でも満車':3A 'すべての日程で空きが必要です':2A 'の日が1日含まれています':9C 'の日が含まれる場合は予約できません':4A '予約したい日程に満車':8C '予約期間中':1A '予約条件':6B '予約関連':5B '希望日程をすべて空きのある日に変更してください':11 '空いている日だけ予約できますか':10C '空き状況':7B
117,予約関連,予約時間,夜間予約,22時以降の予約はできますか？,前日22時以降の予約は事務手数料2000円が追加となります。ただし、希望日程すべてに空き（○か△）がある場合のみ可能です。,f,△,22時以降の予約は追加料金が発生します,追加料金の事前告知,2025-03-13 11:40:16.011,2025-03-13 11:40:16.011,'22時以降の予約はできますか':9C '22時以降の予約は追加料金が発生します':10 'か':4A 'がある場合のみ可能です':5A 'ただし':2A '予約時間':7B '予約関連':6B '前日22時以降の予約は事務手数料2000円が追加となります':1A '夜間予約':8B '希望日程すべてに空き':3A
118,予約関連,予約条件,軽自動車,軽自動車の予約はカレンダーの満車に関係なく予約できますか？,21時以降に電話でのみ予約可能です。翌日分は21時から22時までの受付となります。,f,◯,21時以降のお電話でご確認ください,軽自動車枠の予約方法明確化,2025-03-13 11:40:16.013,2025-03-13 11:40:16.013,'21時以降に電話でのみ予約可能です':1A '21時以降のお電話でご確認ください':7 '予約条件':4B '予約関連':3B '翌日分は21時から22時までの受付となります':2A '軽自動車':5B '軽自動車の予約はカレンダーの満車に関係なく予約できますか':6C
119,予約関連,期間制限,繁忙期,繁忙期に予約を入れたいのですが制限はありますか？,繁忙期の期間は大型車と長期預かり割引プランの受入を停止しています,f,△,システム上予約できても実際は受入できない場合があります,繁忙期の予約制限明確化,2025-03-13 11:40:16.016,2025-03-13 11:40:16.016,'システム上予約できても実際は受入できない場合があります':6 '予約関連':2B '期間制限':3B '繁忙期':4B '繁忙期に予約を入れたいのですが制限はありますか':5C '繁忙期の期間は大型車と長期預かり割引プランの受入を停止しています':1A
120,予約関連,制限時間,来場制限,最終の送迎は何時までですか？,往路の最終来場時間は21:30までとなっております。,f,✖️,21:30以降の往路来場は不可,最終受付時間の明確化,2025-03-13 11:40:16.021,2025-03-13 11:40:16.021,'21':7 '30までとなっております':2A '30以降の往路来場は不可':8 '予約関連':3B '制限時間':4B '往路の最終来場時間は21':1A '最終の送迎は何時までですか':6C '来場制限':5B
121,予約関連,確認事項,基本条件,予約の前に確認すべき事項は何ですか？,以下の4点を必ずご確認ください：1. 国内線利用であること 2. 利用人数が往復とも5名以内 3. 車両が受入可能なサイズ・車種 4. 来場時間が21時30分までであること,f,◯,上記条件を満たさない場合は予約できません,予約可否の事前判断,2025-03-13 11:40:16.025,2025-03-13 11:40:16.025,'1':2A '2':4A '3':6A '4':9A '上記条件を満たさない場合は予約できません':15 '予約の前に確認すべき事項は何ですか':14C '予約関連':11B '以下の4点を必ずご確認ください':1A '利用人数が往復とも5名以内':5A '国内線利用であること':3A '基本条件':13B '来場時間が21時30分までであること':10A '確認事項':12B '車両が受入可能なサイズ':7A '車種':8A
122,予約関連,遅延対応,遅刻,遅刻しそうです。どうすればよいですか？,空港までは送迎いたしますが、搭乗手続きに間に合わない可能性がございます。必ず事前にご連絡ください。なお、搭乗手続きにつきましては、お客様ご自身での対応をお願いいたします。,f,△,出発時間の1時間前までのご来場を強く推奨,遅刻時の対応案内,2025-03-13 11:40:16.028,2025-03-13 11:40:16.028,'お客様ご自身での対応をお願いいたします':6A 'どうすればよいですか':11C 'なお':4A '予約関連':7B '出発時間の1時間前までのご来場を強く推奨':12 '必ず事前にご連絡ください':3A '搭乗手続きにつきましては':5A '搭乗手続きに間に合わない可能性がございます':2A '空港までは送迎いたしますが':1A '遅刻':9B '遅刻しそうです':10C '遅延対応':8B
123,予約関連,システム制限,自動判定,予約システムで受付可能でも実際は受入できないケースはありますか？,以下の場合はシステム上予約可能でも受入できません：1.繁忙期の大型車予約 2.長期割引プランの制限期間予約 3.サイズ制限超過車両 4.保険対象外車両,f,✖️,手動での確認と対応が必要です,システム制限の注意喚起,2025-03-13 11:40:16.03,2025-03-13 11:40:16.03,'1':2A '2':4A '3':6A '4':8A 'サイズ制限超過車両':7A 'システム制限':11B '予約システムで受付可能でも実際は受入できないケースはありますか':13C '予約関連':10B '以下の場合はシステム上予約可能でも受入できません':1A '保険対象外車両':9A '手動での確認と対応が必要です':14 '繁忙期の大型車予約':3A '自動判定':12B '長期割引プランの制限期間予約':5A
124,予約関連,複数予約,確認手順,複数台の予約はどのように確認すべきですか？,同一名義での複数台予約の場合：1.家族利用か確認 2.会社利用の場合は社名確認 3.グループ利用の場合は代表者確認 4.備考欄への記載確認,f,◯,複数台利用の意図を必ず確認,複数予約の適切な管理,2025-03-13 11:40:16.033,2025-03-13 11:40:16.033,'1':2A '2':4A '3':6A '4':8A 'グループ利用の場合は代表者確認':7A '予約関連':10B '会社利用の場合は社名確認':5A '備考欄への記載確認':9A '同一名義での複数台予約の場合':1A '家族利用か確認':3A '確認手順':12B '複数予約':11B '複数台の予約はどのように確認すべきですか':13C '複数台利用の意図を必ず確認':14
125,予約関連,トラブル対応,システム障害,システムトラブル時の対応手順は？,1.予約データの手動記録 2.お客様への状況説明 3.代替手段の案内 4.復旧後のデータ補完,f,△,お客様への迅速な情報提供,システムトラブルの影響最小化,2025-03-13 11:40:16.036,2025-03-13 11:40:16.036,'1':1A '2':3A '3':5A '4':7A 'お客様への状況説明':4A 'お客様への迅速な情報提供':13 'システムトラブル時の対応手順は':12C 'システム障害':11B 'トラブル対応':10B '予約データの手動記録':2A '予約関連':9B '代替手段の案内':6A '復旧後のデータ補完':8A
126,予約関連,繁忙期,受付基準,繁忙期の予約受付基準は？,1.大型車受入停止 2.長期割引プラン停止 3.一般予約は通常通り 4.軽自動車は電話予約可,f,△,システムでの自動制御なし,繁忙期対応の明確化,2025-03-13 11:40:16.042,2025-03-13 11:40:16.042,'1':1A '2':3A '3':5A '4':7A 'システムでの自動制御なし':13 '一般予約は通常通り':6A '予約関連':9B '受付基準':11B '大型車受入停止':2A '繁忙期':10B '繁忙期の予約受付基準は':12C '軽自動車は電話予約可':8A '長期割引プラン停止':4A
127,予約関連,トラブル対応,重複予約,同一予約者から複数の重複予約が入った場合の対応は？,以下の手順で対応します：1.予約者へ電話またはメールで連絡 2.複数予約のうち1つを本予約として確認 3.その他の予約をキャンセル（破棄） 4.予約サイトを閉じていただくようお願い,f,◯,ブラウザの戻るボタン操作等による誤送信が原因,同一予約者からの重複予約の適切な処理,2025-03-13 11:40:16.045,2025-03-13 11:40:16.045,'1':2A '2':4A '3':6A '4':9A 'その他の予約をキャンセル':7A 'トラブル対応':12B 'ブラウザの戻るボタン操作等による誤送信が原因':15 '予約サイトを閉じていただくようお願い':10A '予約者へ電話またはメールで連絡':3A '予約関連':11B '以下の手順で対応します':1A '同一予約者から複数の重複予約が入った場合の対応は':14C '破棄':8A '複数予約のうち1つを本予約として確認':5A '重複予約':13B
215,予約関連,キャンセル,,キャンセル料はいくらですか？,前日のキャンセルは予約料金の20%、当日のキャンセルは50%のキャンセル料が発生します。,f,,,,2025-03-13 15:40:14.235,2025-03-13 15:40:14.235,'のキャンセル料が発生します':3A 'キャンセル':5B 'キャンセル料はいくらですか':6C '予約関連':4B '前日のキャンセルは予約料金の20':1A '当日のキャンセルは50':2A
128,予約関連,満車対応,軽自動車枠,満車の場合の予約対応方法は？,軽自動車の場合のみ、21時以降の電話予約で受付できる可能性があります。軽自動車用の特別枠を確保している場合があるためです。キャンセル待ちは一切受け付けていません。,f,△,21時以降の電話でのみ軽自動車の予約可能性あり,満車時の軽自動車受入対応,2025-03-13 11:40:16.048,2025-03-13 11:40:16.048,'21時以降の電話でのみ軽自動車の予約可能性あり':9 '21時以降の電話予約で受付できる可能性があります':2A 'キャンセル待ちは一切受け付けていません':4A '予約関連':5B '満車の場合の予約対応方法は':8C '満車対応':6B '軽自動車の場合のみ':1A '軽自動車枠':7B '軽自動車用の特別枠を確保している場合があるためです':3A
129,予約関連,システム管理,メンテナンス,システムメンテナンス時の予約受付方法は？,1.メンテナンス時間の告知 2.電話予約への切り替え 3.手書き記録の作成 4.システム復旧後のデータ入力,f,△,正確な情報管理の継続,システムメンテナンス時の対応,2025-03-13 11:40:16.051,2025-03-13 11:40:16.051,'1':1A '2':3A '3':5A '4':7A 'システムメンテナンス時の予約受付方法は':12C 'システム復旧後のデータ入力':8A 'システム管理':10B 'メンテナンス':11B 'メンテナンス時間の告知':2A '予約関連':9B '手書き記録の作成':6A '正確な情報管理の継続':13 '電話予約への切り替え':4A
130,予約関連,長期予約,確認事項,長期駐車の受入基準と確認事項は？,1.車両状態の確認 2.連絡先の複数確保 3.支払方法の確認 4.定期点検の実施,f,△,トラブル防止の事前確認,長期駐車の適切な管理,2025-03-13 11:40:16.054,2025-03-13 11:40:16.054,'1':1A '2':3A '3':5A '4':7A 'トラブル防止の事前確認':13 '予約関連':9B '定期点検の実施':8A '支払方法の確認':6A '確認事項':11B '車両状態の確認':2A '連絡先の複数確保':4A '長期予約':10B '長期駐車の受入基準と確認事項は':12C
131,予約関連,長期予約,注意事項,長期駐車の場合のバッテリー対応と注意事項は？,以下の説明と承諾確認を行います：1.バッテリー上がりの可能性があること 2.バッテリーを繋いでエンジンをかけること 3.カーナビなどの初期設定が飛ぶ可能性があること 4.上記内容の承諾確認,f,◯,バッテリー対応の承諾を必ず得る,長期駐車時のバッテリー対応の説明と承諾,2025-03-13 11:40:16.057,2025-03-13 11:40:16.057,'1':2A '2':4A '3':6A '4':8A 'カーナビなどの初期設定が飛ぶ可能性があること':7A 'バッテリーを繋いでエンジンをかけること':5A 'バッテリー上がりの可能性があること':3A 'バッテリー対応の承諾を必ず得る':14 '上記内容の承諾確認':9A '予約関連':10B '以下の説明と承諾確認を行います':1A '注意事項':12B '長期予約':11B '長期駐車の場合のバッテリー対応と注意事項は':13C
132,予約関連,システム通知,メール,メールが届かない場合はどうすればよいですか？,予約完了後すぐにメールが届きます。また予約完了画面が表示されます。メールが届かない場合は、迷惑メールフォルダの確認または受信制限の解除をお願いします。,f,◯,予約完了画面で予約内容の確認可能,予約確認手段の明確化,2025-03-13 11:40:16.06,2025-03-13 11:40:16.06,'また予約完了画面が表示されます':2A 'システム通知':6B 'メール':7B 'メールが届かない場合は':3A 'メールが届かない場合はどうすればよいですか':8C '予約完了後すぐにメールが届きます':1A '予約完了画面で予約内容の確認可能':9 '予約関連':5B '迷惑メールフォルダの確認または受信制限の解除をお願いします':4A
133,予約関連,割引プラン,コンパクト,コンパクトカー割引プランの条件は？,1.当社指定国産車AT限定 2.往復共2名様限定 3.他の割引との併用不可,f,◯,指定車種の確認必須,割引条件の明確化,2025-03-13 11:40:16.062,2025-03-13 11:40:16.062,'1':1A '2':3A '3':5A 'コンパクト':9B 'コンパクトカー割引プランの条件は':10C '予約関連':7B '他の割引との併用不可':6A '割引プラン':8B '当社指定国産車at限定':2A '往復共2名様限定':4A '指定車種の確認必須':11
134,予約関連,来場時間,前泊,前泊の場合の来場時間は？,21時30分までにご来場ください。,f,◯,時間厳守でお願いします,前泊時の来場時間明確化,2025-03-13 11:40:16.064,2025-03-13 11:40:16.064,'21時30分までにご来場ください':1A '予約関連':2B '前泊':4B '前泊の場合の来場時間は':5C '時間厳守でお願いします':6 '来場時間':3B
135,予約関連,利用目的,制限,国際線施設の利用目的での予約は可能ですか？,当駐車場は国内線ご利用のお客様専用となっております。見学・施設利用目的でもご利用いただけません。,f,✖️,国内線利用目的のみ受入可,利用目的の制限明確化,2025-03-13 11:40:16.066,2025-03-13 11:40:16.066,'予約関連':4B '利用目的':5B '制限':6B '国内線利用目的のみ受入可':8 '国際線施設の利用目的での予約は可能ですか':7C '当駐車場は国内線ご利用のお客様専用となっております':1A '施設利用目的でもご利用いただけません':3A '見学':2A
136,予約関連,キャンセル,欠航,飛行機が欠航になった場合はどうなりますか？,欠航の場合も、キャンセル料として料金の50%を申し受けます。,f,△,理由に関わらずキャンセル料金発生,欠航時の料金規定明確化,2025-03-13 11:40:16.069,2025-03-13 11:40:16.069,'を申し受けます':3A 'キャンセル':5B 'キャンセル料として料金の50':2A '予約関連':4B '欠航':6B '欠航の場合も':1A '理由に関わらずキャンセル料金発生':8 '飛行機が欠航になった場合はどうなりますか':7C
137,予約関連,日程変更,帰着日,帰着日の変更（早帰り）は可能ですか？,1.早めの連絡が必要（当日連絡は車の準備に時間が必要） 2.料金は来場時の表示金額を請求 3.延泊は1日毎の料金（ピーク該当日は加算）,f,△,車両準備の時間必要,帰着日変更の適切な対応,2025-03-13 11:40:16.075,2025-03-13 11:40:16.075,'1':1A '2':4A '3':6A 'は可能ですか':14C 'ピーク該当日は加算':8A '予約関連':9B '帰着日':11B '帰着日の変更':12C '延泊は1日毎の料金':7A '当日連絡は車の準備に時間が必要':3A '料金は来場時の表示金額を請求':5A '日程変更':10B '早めの連絡が必要':2A '早帰り':13C '車両準備の時間必要':15
216,予約関連,キャンセル,,キャンセル料の支払い方法は？,キャンセル料は銀行振込でお支払いいただきます。振込先の詳細はメールでご案内いたします。振込手数料はお客様負担となります。,f,,,,2025-03-13 15:40:28.326,2025-03-13 15:40:28.326,'キャンセル':5B 'キャンセル料の支払い方法は':6C 'キャンセル料は銀行振込でお支払いいただきます':1A '予約関連':4B '振込先の詳細はメールでご案内いたします':2A '振込手数料はお客様負担となります':3A
138,予約関連,日程変更,帰着日,帰着日の変更（早帰り・延泊）はどうすればいいですか？,1.早帰りの場合は早めのご連絡が必要（車の準備に時間がかかるため） 2.当日連絡の場合は車の準備でお待たせする可能性あり 3.延泊は1日毎の料金請求（ピーク該当日は料金加算）,f,△,早めの連絡が重要,帰着日変更の手続き明確化,2025-03-13 11:40:16.078,2025-03-13 11:40:16.078,'1':1A '2':4A '3':6A 'はどうすればいいですか':15C 'ピーク該当日は料金加算':8A '予約関連':9B '帰着日':11B '帰着日の変更':12C '延泊':14C '延泊は1日毎の料金請求':7A '当日連絡の場合は車の準備でお待たせする可能性あり':5A '日程変更':10B '早めの連絡が重要':16 '早帰り':13C '早帰りの場合は早めのご連絡が必要':2A '車の準備に時間がかかるため':3A
139,予約関連,時間変更,連絡方法,フライト時間の変更や遅延はどうすればいいですか？,フライトの変更や遅延が分かった時点でご連絡ください。24:00以降の到着は追加料金2000円で24:30までお迎え対応可能です。,f,△,早めの連絡必要,フライト変更時の対応明確化,2025-03-13 11:40:16.081,2025-03-13 11:40:16.081,'00以降の到着は追加料金2000円で24':3A '24':2A '30までお迎え対応可能です':4A 'フライトの変更や遅延が分かった時点でご連絡ください':1A 'フライト時間の変更や遅延はどうすればいいですか':8C '予約関連':5B '早めの連絡必要':9 '時間変更':6B '連絡方法':7B
140,車両関連,車両情報,車種,車種はどのように記入すればよいですか？,ブランド名と車名を記入してください。例：ホンダ Nボックス、トヨタ タンク,f,◯,スペースを入れてブランド名と車名を記入,車種情報の正確な記録,2025-03-13 11:40:16.084,2025-03-13 11:40:16.084,'nボックス':4A 'スペースを入れてブランド名と車名を記入':11 'タンク':6A 'トヨタ':5A 'ブランド名と車名を記入してください':1A 'ホンダ':3A '例':2A '車両情報':8B '車両関連':7B '車種':9B '車種はどのように記入すればよいですか':10C
141,車両関連,サイズ制限,高さ制限,ルーフキャリアを装着していますが、通常の予約でよいですか？,車両の高さがキャリアを含めて1.95m以上になる場合は、大型車プランでの予約が必要です。特に軽自動車は要注意です。,f,△,当日、高さ制限オーバーが判明した場合は大型車料金となります,サイズ超過の事前防止,2025-03-13 11:40:16.086,2025-03-13 11:40:16.086,'サイズ制限':6B 'ルーフキャリアを装着していますが':8C '以上になる場合は':2A '大型車プランでの予約が必要です':3A '当日':10 '特に軽自動車は要注意です':4A '車両の高さがキャリアを含めて1.95m':1A '車両関連':5B '通常の予約でよいですか':9C '高さ制限':7B '高さ制限オーバーが判明した場合は大型車料金となります':11
142,車両関連,車種制限,レクサス,レクサスで利用したいのですが？,レクサスは場内保険の対象外となるため、お預かりできかねます。,f,✖️,場内保険の対象外である事実を明記,レクサス利用の問い合わせ対応,2025-03-13 11:40:16.09,2025-03-13 11:40:16.09,'お預かりできかねます':2A 'レクサス':5B 'レクサスで利用したいのですが':6C 'レクサスは場内保険の対象外となるため':1A '場内保険の対象外である事実を明記':7 '車両関連':3B '車種制限':4B
143,車両関連,サイズ確認,確認手順,車両サイズの確認はどのように行いますか？,1.メーカー・車種から標準サイズ確認 2.キャリア等の装着物確認 3.改造の有無確認 4.実測値と申告値の照合,f,◯,サイズ超過の事前防止,車両制限の確実な実施,2025-03-13 11:40:16.092,2025-03-13 11:40:16.092,'1':1A '2':4A '3':6A '4':8A 'キャリア等の装着物確認':5A 'サイズ確認':11B 'サイズ超過の事前防止':14 'メーカー':2A '実測値と申告値の照合':9A '改造の有無確認':7A '確認手順':12B '車両サイズの確認はどのように行いますか':13C '車両関連':10B '車種から標準サイズ確認':3A
144,車両関連,確認手順,現場確認,来場時に申告と異なる車両での来場があった場合は？,1.受入可否の即時判断 2.車両情報の記録 3.追加料金の説明 4.受入不可の場合の代替案内,f,△,事前申告との相違確認,車両変更時の適切な対応,2025-03-13 11:40:16.094,2025-03-13 11:40:16.094,'1':1A '2':3A '3':5A '4':7A '事前申告との相違確認':13 '受入不可の場合の代替案内':8A '受入可否の即時判断':2A '来場時に申告と異なる車両での来場があった場合は':12C '現場確認':11B '確認手順':10B '車両情報の記録':4A '車両関連':9B '追加料金の説明':6A
145,車両関連,トラブル対応,車両損傷,車両損傷が発見された場合の対応手順は？,1.損傷状況の記録（写真） 2.お客様への確認 3.保険対応の説明 4.事故報告書の作成,f,△,事実確認を慎重に行う,車両損傷時の適切な対応,2025-03-13 11:40:16.096,2025-03-13 11:40:16.096,'1':1A '2':4A '3':6A '4':8A 'お客様への確認':5A 'トラブル対応':11B '事実確認を慎重に行う':14 '事故報告書の作成':9A '保険対応の説明':7A '写真':3A '損傷状況の記録':2A '車両損傷':12B '車両損傷が発見された場合の対応手順は':13C '車両関連':10B
146,車両関連,サイズ制限,高さ制限,キャリアやルーフボックスの高さ制限は？,軽自動車・普通車を問わず、キャリア・ルーフボックスを含めて高さ1.95m以上の場合は大型車料金となります。事前申告が必要です。,f,△,全車種に高さ制限適用,車両サイズの適切な把握,2025-03-13 11:40:16.099,2025-03-13 11:40:16.099,'キャリア':3A 'キャリアやルーフボックスの高さ制限は':10C 'サイズ制限':8B 'ルーフボックスを含めて高さ1.95m':4A '事前申告が必要です':6A '以上の場合は大型車料金となります':5A '全車種に高さ制限適用':11 '普通車を問わず':2A '車両関連':7B '軽自動車':1A '高さ制限':9B
147,車両関連,車種制限,指定車種,指定国産車とはどのような車種ですか？,レクサス全車種、FJクルーザー、ハイラックス、ランドクルーザー、プラド、グランドキャビン、キャラバン・ハイエース（ワイド、ハイルーフ）、パジェロ、プレジデント、グランエース等は受入不可,f,✖️,年式問わず受入不可,受入不可車両の明確化,2025-03-13 11:40:16.103,2025-03-13 11:40:16.103,'fjクルーザー':2A 'キャラバン':7A 'グランエース等は受入不可':13A 'グランドキャビン':6A 'ハイエース':8A 'ハイラックス':3A 'ハイルーフ':10A 'パジェロ':11A 'プラド':5A 'プレジデント':12A 'ランドクルーザー':4A 'レクサス全車種':1A 'ワイド':9A '年式問わず受入不可':18 '指定国産車とはどのような車種ですか':17C '指定車種':16B '車両関連':14B '車種制限':15B
148,車両関連,車種制限,受入不可,マニュアル車、土禁車、改造車は利用できますか？,申し訳ございませんが、以下の車両は受入できません：1.マニュアル車 2.土禁車 3.改造車 4.社外バンパーやヒッチメンバー装着車,f,✖️,一切の例外なく受入不可,受入不可車両の明確化,2025-03-13 11:40:16.108,2025-03-13 11:40:16.108,"'1':3A '2':5A '3':7A '4':9A 'マニュアル車':4A,14C '一切の例外なく受入不可':17 '以下の車両は受入できません':2A '受入不可':13B '土禁車':6A,15C '改造車':8A '改造車は利用できますか':16C '申し訳ございませんが':1A '社外バンパーやヒッチメンバー装着車':10A '車両関連':11B '車種制限':12B"
149,車両関連,鍵管理,預かり,車の鍵の取り扱いについて注意点は？,1.車の鍵はお預かり必須（スマートキーのメカニカルキー取り外し禁止） 2.他の鍵やキーホルダーは事前に取り外し 3.鍵の持ち去り・預け忘れは罰金5000円,f,◯,業務上必要な鍵の管理,鍵の適切な管理,2025-03-13 11:40:16.111,2025-03-13 11:40:16.111,'1':1A '2':4A '3':6A 'スマートキーのメカニカルキー取り外し禁止':3A '他の鍵やキーホルダーは事前に取り外し':5A '業務上必要な鍵の管理':13 '車の鍵の取り扱いについて注意点は':12C '車の鍵はお預かり必須':2A '車両関連':9B '鍵の持ち去り':7A '鍵管理':10B '預かり':11B '預け忘れは罰金5000円':8A
150,車両関連,サイズ制限,大型車,大型車両の料金と注意点は？,1.規定サイズ超過（高さ1.95m～・幅1.85m～・長さ5.05m～）は大型料金（+1日1000円） 2.キャリア等も高さに含む 3.大型枠には限りあり 4.サイズ超過車は当日でも大型料金,f,△,予約可能でも受入できない場合あり,大型車両の取扱明確化,2025-03-13 11:40:16.113,2025-03-13 11:40:16.113,'+1':7A '1':1A '2':9A '3':11A '4':13A 'は大型料金':6A 'キャリア等も高さに含む':10A 'サイズ制限':16B 'サイズ超過車は当日でも大型料金':14A '予約可能でも受入できない場合あり':19 '大型枠には限りあり':12A '大型車':17B '大型車両の料金と注意点は':18C '幅1.85m':4A '日1000円':8A '規定サイズ超過':2A '車両関連':15B '長さ5.05m':5A '高さ1.95m':3A
151,車両関連,駐車環境,汚れ,駐車場での車両の汚れについて,1.首都高速湾岸線下のため、雨・風・ほこり等自然発生の汚れは防げません 2.土禁車は受付不可 3.駐車場所の指定不可,f,◯,自然発生の汚れについて免責,駐車環境の説明,2025-03-13 11:40:16.115,2025-03-13 11:40:16.115,'1':1A '2':6A '3':8A 'ほこり等自然発生の汚れは防げません':5A '土禁車は受付不可':7A '汚れ':12B '自然発生の汚れについて免責':14 '車両関連':10B '雨':3A '風':4A '首都高速湾岸線下のため':2A '駐車場での車両の汚れについて':13C '駐車場所の指定不可':9A '駐車環境':11B
152,車両関連,受入基準,制限,サイズオーバーや改造車の受入は？,サイズオーバー、改造車など、お預かりできないと判断した車両はお断りさせていただきます。,f,✖️,受入可否は当社判断,受入基準の明確化,2025-03-13 11:40:16.117,2025-03-13 11:40:16.117,'お預かりできないと判断した車両はお断りさせていただきます':3A 'サイズオーバー':1A 'サイズオーバーや改造車の受入は':7C '制限':6B '受入可否は当社判断':8 '受入基準':5B '改造車など':2A '車両関連':4B
153,送迎関連,時間,来場時間,来場時間はどのように設定すればよいですか？,羽田空港出発時間の1時間前までにご来場ください。ただし最終来場受付は21時30分までです。,f,◯,搭乗手続きに間に合わない可能性があるため、時間厳守でお願いします,適切な来場時間の確保,2025-03-13 11:40:16.119,2025-03-13 11:40:16.119,'ただし最終来場受付は21時30分までです':2A '搭乗手続きに間に合わない可能性があるため':7 '時間':4B '時間厳守でお願いします':8 '来場時間':5B '来場時間はどのように設定すればよいですか':6C '羽田空港出発時間の1時間前までにご来場ください':1A '送迎関連':3B
154,送迎関連,時間,所要時間,送迎の所要時間はどのくらいですか？,当駐車場から空港まで5〜10分程度です。出発搭乗時間の1時間前までにご来場ください。,f,◯,搭乗手続きに間に合うよう時間厳守でお願いします,適切な来場時間の案内,2025-03-13 11:40:16.123,2025-03-13 11:40:16.123,'10分程度です':2A '出発搭乗時間の1時間前までにご来場ください':3A '当駐車場から空港まで5':1A '所要時間':6B '搭乗手続きに間に合うよう時間厳守でお願いします':8 '時間':5B '送迎の所要時間はどのくらいですか':7C '送迎関連':4B
155,送迎関連,制限事項,大きな荷物,大きな荷物がある場合の送迎は可能ですか？,スーツケースやゴルフバッグなど、大きな荷物をお持ちの場合は、必ず予約時の備考欄にご記入ください。・ゴルフバッグは1台につき2つまで・スキー板やボード類は運搬不可,f,△,荷物制限を超える場合は対応できません,大きな荷物の制限事項の明確化,2025-03-13 11:40:16.126,2025-03-13 11:40:16.126,'ゴルフバッグは1台につき2つまで':4A 'スキー板やボード類は運搬不可':5A 'スーツケースやゴルフバッグなど':1A '制限事項':7B '大きな荷物':8B '大きな荷物がある場合の送迎は可能ですか':9C '大きな荷物をお持ちの場合は':2A '必ず予約時の備考欄にご記入ください':3A '荷物制限を超える場合は対応できません':10 '送迎関連':6B
156,送迎関連,時間,遅延対応,到着便が遅延した場合の対応は？,事前申告が必要です。24:00以降の到着便は2000円の追加料金で24:30までお迎え対応が可能です。到着後お電話をいただければ指定の乗り場までお迎えに参ります。（24:30以降の到着は翌朝５時～のお迎えとなります。）,f,△,24:30以降は対応不可,遅延時の対応案内,2025-03-13 11:40:16.129,2025-03-13 11:40:16.129,"'00以降の到着便は2000円の追加料金で24':3A '24':2A,6A,13 '30までお迎え対応が可能です':4A '30以降の到着は翌朝５時':7A '30以降は対応不可':14 'のお迎えとなります':8A '事前申告が必要です':1A '到着便が遅延した場合の対応は':12C '到着後お電話をいただければ指定の乗り場までお迎えに参ります':5A '時間':10B '送迎関連':9B '遅延対応':11B"
157,送迎関連,制限事項,ペット,ペットの送迎は可能ですか？,申し訳ございませんが、ペットの送迎は承っておりません。,f,✖️,送迎車両でのペット移動は不可,ペット送迎不可の明確な案内,2025-03-13 11:40:16.132,2025-03-13 11:40:16.132,'ペット':5B 'ペットの送迎は可能ですか':6C 'ペットの送迎は承っておりません':2A '制限事項':4B '申し訳ございませんが':1A '送迎車両でのペット移動は不可':7 '送迎関連':3B
158,送迎関連,特別対応,車椅子,車椅子やベビーカーの送迎は可能ですか？,車椅子やベビーカーをご利用の場合は、必ず予約時の備考欄にご記入ください。,f,◯,事前申告が必要です,配慮が必要なお客様への対応案内,2025-03-13 11:40:16.134,2025-03-13 11:40:16.134,'事前申告が必要です':7 '必ず予約時の備考欄にご記入ください':2A '特別対応':4B '車椅子':5B '車椅子やベビーカーの送迎は可能ですか':6C '車椅子やベビーカーをご利用の場合は':1A '送迎関連':3B
159,送迎関連,案内,乗り場,送迎時の乗り場はどこですか？,往路は当駐車場から空港までご案内いたします。帰りは到着後、お手荷物を受け取られましたら、お電話をいただければ指定の乗り場までお迎えに参ります。,f,◯,電話連絡時に乗り場をご案内,送迎の流れの案内,2025-03-13 11:40:16.135,2025-03-13 11:40:16.135,'お手荷物を受け取られましたら':3A 'お電話をいただければ指定の乗り場までお迎えに参ります':4A '乗り場':7B '帰りは到着後':2A '往路は当駐車場から空港までご案内いたします':1A '案内':6B '送迎時の乗り場はどこですか':8C '送迎関連':5B '電話連絡時に乗り場をご案内':9
160,送迎関連,待ち時間,混雑,送迎時の待ち時間はありますか？,当駐車場は個別送迎ではないため、お客様の帰着が重なる場合や交通渋滞、道路工事などでお迎えまでお時間をいただくことがございます。お急ぎの場合は、タクシーでお戻りいただくことも可能です。,f,△,送迎車ご利用の場合は携帯電話を常時オンにしてください,送迎待ち時間の案内,2025-03-13 11:40:16.139,2025-03-13 11:40:16.139,'お客様の帰着が重なる場合や交通渋滞':2A 'お急ぎの場合は':4A 'タクシーでお戻りいただくことも可能です':5A '当駐車場は個別送迎ではないため':1A '待ち時間':7B '混雑':8B '送迎時の待ち時間はありますか':9C '送迎車ご利用の場合は携帯電話を常時オンにしてください':10 '送迎関連':6B '道路工事などでお迎えまでお時間をいただくことがございます':3A
161,送迎関連,配車管理,注意点,送迎車の配車で注意すべき点は？,1.来場時間の集中確認 2.大きな荷物の有無 3.車椅子等の特別対応 4.深夜便の有無 5.配車数の調整,f,△,配車効率と顧客満足度の両立,送迎車の効率的な運用,2025-03-13 11:40:16.143,2025-03-13 11:40:16.143,'1':1A '2':3A '3':5A '4':7A '5':9A '大きな荷物の有無':4A '来場時間の集中確認':2A '注意点':13B '深夜便の有無':8A '車椅子等の特別対応':6A '送迎車の配車で注意すべき点は':14C '送迎関連':11B '配車効率と顧客満足度の両立':15 '配車数の調整':10A '配車管理':12B
162,送迎関連,深夜対応,基準,深夜送迎の受付基準は？,1.24時までの到着便のみ対応 2.追加料金2000円必要 3.24:30までに送迎完了 4.事前連絡必須,f,△,時間超過は対応不可,深夜対応の明確化,2025-03-13 11:40:16.145,2025-03-13 11:40:16.145,'1.24':1A '2':3A '3.24':5A '30までに送迎完了':6A '4':7A '事前連絡必須':8A '基準':11B '時までの到着便のみ対応':2A '時間超過は対応不可':13 '深夜対応':10B '深夜送迎の受付基準は':12C '追加料金2000円必要':4A '送迎関連':9B
163,送迎関連,トラブル対応,手順,送迎トラブル発生時の対応手順は？,1.状況確認と記録 2.お客様への説明 3.代替手段の案内 4.上長への報告,f,△,お客様の安全確保優先,送迎トラブルの適切な対応,2025-03-13 11:40:16.148,2025-03-13 11:40:16.148,'1':1A '2':3A '3':5A '4':7A 'お客様の安全確保優先':13 'お客様への説明':4A 'トラブル対応':10B '上長への報告':8A '代替手段の案内':6A '手順':11B '状況確認と記録':2A '送迎トラブル発生時の対応手順は':12C '送迎関連':9B
164,送迎関連,特別対応,悪天候,悪天候時の送迎対応の判断基準は？,1.気象情報の確認 2.空港の運航状況確認 3.道路状況の確認 4.送迎頻度の調整 5.お客様への案内,f,△,安全を最優先した判断,悪天候時の安全確保,2025-03-13 11:40:16.15,2025-03-13 11:40:16.15,'1':1A '2':3A '3':5A '4':7A '5':9A 'お客様への案内':10A '安全を最優先した判断':15 '悪天候':13B '悪天候時の送迎対応の判断基準は':14C '気象情報の確認':2A '特別対応':12B '空港の運航状況確認':4A '送迎関連':11B '送迎頻度の調整':8A '道路状況の確認':6A
165,送迎関連,案内変更,待機場所,送迎車の待機場所変更時の対応は？,1.案内の変更 2.お客様への連絡 3.スタッフ間の情報共有 4.混乱防止の導線確保,f,◯,お客様の混乱防止,待機場所変更時の混乱防止,2025-03-13 11:40:16.152,2025-03-13 11:40:16.152,'1':1A '2':3A '3':5A '4':7A 'お客様の混乱防止':13 'お客様への連絡':4A 'スタッフ間の情報共有':6A '待機場所':11B '案内の変更':2A '案内変更':10B '混乱防止の導線確保':8A '送迎車の待機場所変更時の対応は':12C '送迎関連':9B
166,送迎関連,忘れ物対応,手順,送迎時の忘れ物対応手順は？,1.発見時の記録作成 2.お客様への連絡 3.保管場所の管理 4.お届けの場合は別途1000円が必要な旨を説明 5.お渡し方法の案内と料金の確認,f,◯,お届けは別途1000円必要,忘れ物の適切な管理と配達対応,2025-03-13 11:40:16.154,2025-03-13 11:40:16.154,'1':1A '2':3A '3':5A '4':7A '5':9A 'お客様への連絡':4A 'お届けの場合は別途1000円が必要な旨を説明':8A 'お届けは別途1000円必要':15 'お渡し方法の案内と料金の確認':10A '保管場所の管理':6A '忘れ物対応':12B '手順':13B '発見時の記録作成':2A '送迎時の忘れ物対応手順は':14C '送迎関連':11B
167,送迎関連,運行管理,スケジュール,送迎スケジュール調整の基準は？,1.時間帯別の予約状況確認 2.車両配備計画の作成 3.スタッフ配置の調整 4.余裕時間の確保,f,◯,効率的な配車の実現,送迎業務の最適化,2025-03-13 11:40:16.158,2025-03-13 11:40:16.158,'1':1A '2':3A '3':5A '4':7A 'スケジュール':11B 'スタッフ配置の調整':6A '余裕時間の確保':8A '効率的な配車の実現':13 '時間帯別の予約状況確認':2A '車両配備計画の作成':4A '送迎スケジュール調整の基準は':12C '送迎関連':9B '運行管理':10B
168,送迎関連,緊急対応,中止判断,緊急時の送迎中止判断基準は？,1.気象警報の確認 2.道路状況の確認 3.空港運営状況の確認 4.代替手段の案内,f,✖️,安全確保を最優先,緊急時の適切な判断,2025-03-13 11:40:16.16,2025-03-13 11:40:16.16,'1':1A '2':3A '3':5A '4':7A '中止判断':11B '代替手段の案内':8A '安全確保を最優先':13 '気象警報の確認':2A '空港運営状況の確認':6A '緊急対応':10B '緊急時の送迎中止判断基準は':12C '送迎関連':9B '道路状況の確認':4A
169,送迎関連,制限事項,定員,送迎車の乗車定員は何名ですか？,予約車1台につき往復とも5名様までとなっております。大きな荷物がある場合は要事前申告です。,f,◯,1台あたり5名様まで,送迎定員の明確化,2025-03-13 11:40:16.162,2025-03-13 11:40:16.162,'1台あたり5名様まで':7 '予約車1台につき往復とも5名様までとなっております':1A '制限事項':4B '大きな荷物がある場合は要事前申告です':2A '定員':5B '送迎車の乗車定員は何名ですか':6C '送迎関連':3B
170,送迎関連,制限事項,人数制限,送迎人数の制限について詳しく教えてください,送迎車が10人乗りのため、1台のご予約につきお子様（幼児）含む5名様までとさせていただいております。他のお客様とのトラブル回避のためご協力ください。,f,◯,幼児含む5名まで,送迎人数の明確化,2025-03-13 11:40:16.163,2025-03-13 11:40:16.163,'1台のご予約につきお子様':2A '人数制限':8B '他のお客様とのトラブル回避のためご協力ください':5A '制限事項':7B '含む5名様までとさせていただいております':4A '幼児':3A '幼児含む5名まで':10 '送迎人数の制限について詳しく教えてください':9C '送迎車が10人乗りのため':1A '送迎関連':6B
171,送迎関連,所要時間,目安,送迎の所要時間と来場時間の目安は？,送迎は基本的に相乗りです。当駐車場から空港まで5〜10分程度。飛行機出発時間の1時間前（国内線）、ツアー集合時間30分前までにご来場ください。,f,◯,出発時間から逆算して来場,適切な来場時間の案内,2025-03-13 11:40:16.165,2025-03-13 11:40:16.165,'10分程度':3A 'ツアー集合時間30分前までにご来場ください':6A '出発時間から逆算して来場':11 '国内線':5A '当駐車場から空港まで5':2A '所要時間':8B '目安':9B '送迎の所要時間と来場時間の目安は':10C '送迎は基本的に相乗りです':1A '送迎関連':7B '飛行機出発時間の1時間前':4A
172,送迎関連,案内方法,小冊子,帰りの送迎場所はどうやって確認できますか？,行きの送迎時に、連絡先と迎え場所など注意事項を記載した小冊子をお渡しします。,f,◯,小冊子で案内を確認,送迎場所の案内方法明確化,2025-03-13 11:40:16.167,2025-03-13 11:40:16.167,'小冊子':5B '小冊子で案内を確認':7 '帰りの送迎場所はどうやって確認できますか':6C '案内方法':4B '行きの送迎時に':1A '送迎関連':3B '連絡先と迎え場所など注意事項を記載した小冊子をお渡しします':2A
173,送迎関連,設備,荷物置場,送迎車は荷物をどこに置けますか？,送迎車はハイエースを使用しています。専用のトランクなどはございませんが、後部座席の後ろに荷物を置くスペースがございます。ご利用の際はスタッフへお声がけください。,f,◯,後部座席後ろに荷物置場あり,送迎車設備の説明,2025-03-13 11:40:16.169,2025-03-13 11:40:16.169,'ご利用の際はスタッフへお声がけください':4A '専用のトランクなどはございませんが':2A '後部座席の後ろに荷物を置くスペースがございます':3A '後部座席後ろに荷物置場あり':9 '荷物置場':7B '設備':6B '送迎車はハイエースを使用しています':1A '送迎車は荷物をどこに置けますか':8C '送迎関連':5B
174,料金関連,割引,プラン併用,割引プランは併用できますか？,すべての割引プランは併用不可です。各プランとも割引額は1日100円です。条件を満たすプランをいずれか1つお選びください。,f,◯,長期割引プランは繁忙期利用不可,割引プラン併用の問い合わせ防止,2025-03-13 11:40:16.174,2025-03-13 11:40:16.174,'すべての割引プランは併用不可です':1A 'プラン併用':6B '割引':5B '割引プランは併用できますか':7C '各プランとも割引額は1日100円です':2A '料金関連':4B '条件を満たすプランをいずれか1つお選びください':3A '長期割引プランは繁忙期利用不可':8
175,料金関連,支払時期,精算時,追加料金（深夜料金など）はいつ支払いますか？,追加料金は精算時にお支払いください。24:00以降の到着便の場合は2000円の深夜料金が発生いたします。,f,◯,精算は現金のみ,追加料金の支払い案内,2025-03-13 11:40:16.177,2025-03-13 11:40:16.177,'00以降の到着便の場合は2000円の深夜料金が発生いたします':3A '24':2A 'はいつ支払いますか':9C '支払時期':5B '料金関連':4B '深夜料金など':8C '精算は現金のみ':10 '精算時':6B '追加料金':7C '追加料金は精算時にお支払いください':1A
176,料金関連,領収書,発行,領収書は発行できますか？,はい、領収書を発行いたします。宛名等のご指定がある場合は、予約時に備考欄へご記入ください。飛行機の遅延による深夜料金（2000円）の場合も領収書を発行いたしますので、航空会社への払い戻し申請にご利用ください。,f,◯,遅延時の領収書は航空会社への払い戻し申請が可能,領収書発行の案内・遅延時の費用返還対応,2025-03-13 11:40:16.179,2025-03-13 11:40:16.179,'2000円':6A 'の場合も領収書を発行いたしますので':7A 'はい':1A '予約時に備考欄へご記入ください':4A '宛名等のご指定がある場合は':3A '料金関連':9B '発行':11B '航空会社への払い戻し申請にご利用ください':8A '遅延時の領収書は航空会社への払い戻し申請が可能':13 '領収書':10B '領収書は発行できますか':12C '領収書を発行いたします':2A '飛行機の遅延による深夜料金':5A
217,予約関連,キャンセル,,部分的なキャンセルはできますか？,複数日の予約に対する部分的なキャンセルはできません。全日程をキャンセルした後、必要な日程を再度ご予約ください。,f,,,,2025-03-13 15:40:38.432,2025-03-13 15:40:38.432,'キャンセル':5B '予約関連':4B '全日程をキャンセルした後':2A '必要な日程を再度ご予約ください':3A '複数日の予約に対する部分的なキャンセルはできません':1A '部分的なキャンセルはできますか':6C
177,料金関連,キャンセル料,当日,当日キャンセルの場合はどうなりますか？,当日キャンセルの場合、キャンセル料として料金の50%を申し受けます。振込先を別途メールにてご案内いたします。,f,△,キャンセル料は振込対応のみ,当日キャンセル時の案内,2025-03-13 11:40:16.181,2025-03-13 11:40:16.181,'を申し受けます':3A 'キャンセル料':6B 'キャンセル料として料金の50':2A 'キャンセル料は振込対応のみ':9 '当日':7B '当日キャンセルの場合':1A '当日キャンセルの場合はどうなりますか':8C '振込先を別途メールにてご案内いたします':4A '料金関連':5B
178,料金関連,支払方法,現金,支払い方法は何が使えますか？,お支払いは現金のみとなっております。,f,◯,カード利用不可,支払方法の案内,2025-03-13 11:40:16.183,2025-03-13 11:40:16.183,'お支払いは現金のみとなっております':1A 'カード利用不可':6 '支払い方法は何が使えますか':5C '支払方法':3B '料金関連':2B '現金':4B
179,料金関連,領収書,発行手順,領収書発行時の注意点は？,1.宛名の確認（個人/法人） 2.但し書きの確認 3.追加料金の明記 4.遅延による追加料金は別領収書,f,◯,航空会社への払戻対応考慮,領収書の適切な発行,2025-03-13 11:40:16.185,2025-03-13 11:40:16.185,'1':1A '2':5A '3':7A '4':9A '但し書きの確認':6A '個人':3A '宛名の確認':2A '料金関連':11B '法人':4A '発行手順':13B '航空会社への払戻対応考慮':15 '追加料金の明記':8A '遅延による追加料金は別領収書':10A '領収書':12B '領収書発行時の注意点は':14C
180,料金関連,追加料金,案内手順,追加料金発生時の案内方法は？,1.発生理由の説明 2.金額の明示 3.支払方法の案内 4.領収書対応の説明,f,◯,事前説明でトラブル防止,追加料金の適切な案内,2025-03-13 11:40:16.188,2025-03-13 11:40:16.188,'1':1A '2':3A '3':5A '4':7A '事前説明でトラブル防止':13 '支払方法の案内':6A '料金関連':9B '案内手順':11B '発生理由の説明':2A '追加料金':10B '追加料金発生時の案内方法は':12C '金額の明示':4A '領収書対応の説明':8A
181,料金関連,トラブル対応,精算時,精算時のトラブル対応手順は？,1.料金内訳の明示 2.追加料金の説明 3.領収書の確認 4.苦情時は上長対応,f,△,丁寧な説明を心がける,精算トラブルの防止,2025-03-13 11:40:16.192,2025-03-13 11:40:16.192,'1':1A '2':3A '3':5A '4':7A 'トラブル対応':10B '丁寧な説明を心がける':13 '料金内訳の明示':2A '料金関連':9B '精算時':11B '精算時のトラブル対応手順は':12C '苦情時は上長対応':8A '追加料金の説明':4A '領収書の確認':6A
182,料金関連,料金改定,対応手順,料金改定時の対応手順は？,1.改定情報の告知 2.予約済み案件の確認 3.システム料金の更新 4.スタッフへの周知,f,◯,混乱防止の事前対応,料金改定時の適切な対応,2025-03-13 11:40:16.194,2025-03-13 11:40:16.194,'1':1A '2':3A '3':5A '4':7A 'システム料金の更新':6A 'スタッフへの周知':8A '予約済み案件の確認':4A '対応手順':11B '改定情報の告知':2A '料金改定':10B '料金改定時の対応手順は':12C '料金関連':9B '混乱防止の事前対応':13
183,料金関連,団体予約,計算方法,団体予約の料金計算方法は？,1.車両台数の確認 2.割引プランの適用確認 3.追加オプションの集計 4.一括精算か個別精算かの確認,f,◯,正確な料金計算の実施,団体予約の適切な管理,2025-03-13 11:40:16.196,2025-03-13 11:40:16.196,'1':1A '2':3A '3':5A '4':7A '一括精算か個別精算かの確認':8A '割引プランの適用確認':4A '団体予約':10B '団体予約の料金計算方法は':12C '料金関連':9B '正確な料金計算の実施':13 '計算方法':11B '車両台数の確認':2A '追加オプションの集計':6A
184,料金関連,追加料金,忘れ物配達,忘れ物のお届けにかかる料金は？,ご送迎後のお忘れ物のお届けは、別途1000円を申し受けます。,f,◯,配達料金は現金でお支払いください,忘れ物配達料金の明確化,2025-03-13 11:40:16.198,2025-03-13 11:40:16.198,'ご送迎後のお忘れ物のお届けは':1A '別途1000円を申し受けます':2A '忘れ物のお届けにかかる料金は':6C '忘れ物配達':5B '料金関連':3B '追加料金':4B '配達料金は現金でお支払いください':7
185,料金関連,支払方法,現金,現金以外の支払い方法はありますか？,申し訳ございませんが、お支払いは現金のみとなっております。カード決済は利用できません。,f,✖️,現金のみ対応可能,支払方法の明確化,2025-03-13 11:40:16.2,2025-03-13 11:40:16.2,'お支払いは現金のみとなっております':2A 'カード決済は利用できません':3A '支払方法':5B '料金関連':4B '現金':6B '現金のみ対応可能':8 '現金以外の支払い方法はありますか':7C '申し訳ございませんが':1A
186,料金関連,支払方法,現金精算,支払方法と精算タイミングは？,お預かりした鍵の返却時に、現金にて精算となります。カード決済は利用できません。,f,◯,現金のみ対応可能,支払方法の明確化,2025-03-13 11:40:16.201,2025-03-13 11:40:16.201,'お預かりした鍵の返却時に':1A 'カード決済は利用できません':3A '支払方法':5B '支払方法と精算タイミングは':7C '料金関連':4B '現金にて精算となります':2A '現金のみ対応可能':8 '現金精算':6B
187,料金関連,変更料金,早帰り,帰着日変更時の料金はどうなりますか？,早帰りの場合は来場時に表示された金額をご請求。延泊の場合は1日毎の料金を追加請求（ピーク該当日はピーク料金加算）。,f,◯,事前表示金額基準,変更時の料金明確化,2025-03-13 11:40:16.205,2025-03-13 11:40:16.205,'ピーク該当日はピーク料金加算':3A '事前表示金額基準':8 '変更料金':5B '帰着日変更時の料金はどうなりますか':7C '延泊の場合は1日毎の料金を追加請求':2A '料金関連':4B '早帰り':6B '早帰りの場合は来場時に表示された金額をご請求':1A
188,記入情報,フライト情報,便未定,便が未定ですが予約できますか？,予約可能です。以下のいずれかを備考欄に必ずご記入ください：・ツアー利用（確定時期も記載）・見送り利用・お迎え利用,f,◯,確定後はメールまたは電話でご連絡ください,未定予約の正確な情報管理,2025-03-13 11:40:16.208,2025-03-13 11:40:16.208,'お迎え利用':6A 'ツアー利用':3A 'フライト情報':8B '予約可能です':1A '以下のいずれかを備考欄に必ずご記入ください':2A '便が未定ですが予約できますか':10C '便未定':9B '確定後はメールまたは電話でご連絡ください':11 '確定時期も記載':4A '見送り利用':5A '記入情報':7B
189,記入情報,備考欄,必須事項,備考欄には何を記入すべきですか？,以下の情報は必ず記入してください：［必須事項］・1日利用の場合：「日帰り」・フライト未定の場合：理由を記載・複数台利用の場合：「家族/友達/会社で複数台利用」・制限に関わる荷物の記載,f,◯,必要な情報の記入漏れにご注意ください,重要情報の確実な伝達,2025-03-13 11:40:16.21,2025-03-13 11:40:16.21,"'1日利用の場合':3A 'フライト未定の場合':5A '以下の情報は必ず記入してください':1A '会社で複数台利用':10A '備考欄':13B '備考欄には何を記入すべきですか':15C '制限に関わる荷物の記載':11A '友達':9A '家族':8A '必要な情報の記入漏れにご注意ください':16 '必須事項':2A,14B '日帰り':4A '理由を記載':6A '複数台利用の場合':7A '記入情報':12B"
190,記入情報,個人情報,入力形式,個人情報はどのように入力すればよいですか？,以下の形式で入力してください：・お名前：カタカナ（例：ヤマダ タロウ）※姓名の間に1文字スペース・携帯番号：利用中に連絡可能な番号・メール：受信制限のないアドレス,f,◯,予約確認や緊急連絡に使用します,確実な連絡手段の確保,2025-03-13 11:40:16.212,2025-03-13 11:40:16.212,'お名前':2A 'カタカナ':3A 'タロウ':6A 'メール':10A 'ヤマダ':5A '予約確認や緊急連絡に使用します':16 '以下の形式で入力してください':1A '例':4A '個人情報':13B '個人情報はどのように入力すればよいですか':15C '入力形式':14B '利用中に連絡可能な番号':9A '受信制限のないアドレス':11A '姓名の間に1文字スペース':7A '携帯番号':8A '記入情報':12B
191,記入情報,フライト情報,確認項目,フライト情報の確認で注意すべき点は？,以下を必ず確認：1.国内線であること 2.便名と時刻の整合性 3.未定の場合は理由記載 4.見送り/お迎えの場合はその旨記載,f,◯,国際線利用の見落とし防止,フライト情報の正確な把握,2025-03-13 11:40:16.214,2025-03-13 11:40:16.214,'1':2A '2':4A '3':6A '4':8A 'お迎えの場合はその旨記載':10A 'フライト情報':12B 'フライト情報の確認で注意すべき点は':14C '以下を必ず確認':1A '便名と時刻の整合性':5A '国内線であること':3A '国際線利用の見落とし防止':15 '未定の場合は理由記載':7A '確認項目':13B '見送り':9A '記入情報':11B
192,記入情報,データ管理,修正手順,予約データの修正方法は？,1.変更箇所の特定 2.変更内容の記録 3.お客様への確認連絡 4.システムへの反映,f,◯,変更履歴の保持必要,予約データの正確な管理,2025-03-13 11:40:16.216,2025-03-13 11:40:16.216,'1':1A '2':3A '3':5A '4':7A 'お客様への確認連絡':6A 'システムへの反映':8A 'データ管理':10B '予約データの修正方法は':12C '修正手順':11B '変更内容の記録':4A '変更履歴の保持必要':13 '変更箇所の特定':2A '記入情報':9B
193,記入情報,データ修正,入力ミス,予約情報の入力ミスを発見した場合は？,1.正確な情報の確認 2.お客様への確認連絡 3.システムデータの修正 4.関係者への共有,f,◯,二重確認の徹底,情報精度の維持,2025-03-13 11:40:16.218,2025-03-13 11:40:16.218,'1':1A '2':3A '3':5A '4':7A 'お客様への確認連絡':4A 'システムデータの修正':6A 'データ修正':10B '予約情報の入力ミスを発見した場合は':12C '二重確認の徹底':13 '入力ミス':11B '正確な情報の確認':2A '記入情報':9B '関係者への共有':8A
194,利用制限,利用範囲,国際線,国際線の利用は可能ですか？,当駐車場は国内線ご利用のお客様専用となっております。,f,✖️,国際線ターミナルまでの送迎も含めご利用いただけません,国際線利用の問い合わせ防止,2025-03-13 11:40:16.22,2025-03-13 11:40:16.22,'利用制限':2B '利用範囲':3B '国際線':4B '国際線の利用は可能ですか':5C '国際線ターミナルまでの送迎も含めご利用いただけません':6 '当駐車場は国内線ご利用のお客様専用となっております':1A
195,利用制限,保険対象,対象外車両,外車（BMW、ベンツ、アウディなど）で利用したいのですが？,外車は場内保険の対象外となるため、お預かりできかねます。,f,✖️,場内保険の対象外である事実を明記,外車利用の問い合わせ対応,2025-03-13 11:40:16.224,2025-03-13 11:40:16.224,'bmw':7C 'お預かりできかねます':2A 'で利用したいのですが':10C 'アウディなど':9C 'ベンツ':8C '保険対象':4B '利用制限':3B '場内保険の対象外である事実を明記':11 '外車':6C '外車は場内保険の対象外となるため':1A '対象外車両':5B
196,利用制限,判断基準,受入不可,受入不可の判断基準は？,以下のいずれかに該当する場合は受入不可：1.国際線利用 2.保険対象外車両 3.サイズ制限超過 4.繁忙期の制限該当,f,✖️,例外なく適用する基準です,受入可否の明確な判断,2025-03-13 11:40:16.226,2025-03-13 11:40:16.226,'1':2A '2':4A '3':6A '4':8A 'サイズ制限超過':7A '以下のいずれかに該当する場合は受入不可':1A '例外なく適用する基準です':14 '保険対象外車両':5A '判断基準':11B '利用制限':10B '受入不可':12B '受入不可の判断基準は':13C '国際線利用':3A '繁忙期の制限該当':9A
197,免責約款,引渡後,責任範囲,車両引渡し後の事故や損傷についての責任は？,当駐車場内においてお客様へ車両をお引渡し後は、原則として車両に関する一切の責任を負いかねます。,f,◯,引渡後の免責を明確化,引渡後の責任範囲明確化,2025-03-13 11:40:16.229,2025-03-13 11:40:16.229,'免責約款':3B '原則として車両に関する一切の責任を負いかねます':2A '引渡後':4B '引渡後の免責を明確化':7 '当駐車場内においてお客様へ車両をお引渡し後は':1A '責任範囲':5B '車両引渡し後の事故や損傷についての責任は':6C
198,免責約款,車両損傷,補償範囲,車両の傷についてはどのように対応しますか？,お預り時及びお引渡し時の相互未確認の車両の傷は免責です。目視で確認できる範囲を記録しますが、細かな擦り傷やチェック漏れ、明らかに対象物のない傷は補償対象外です。ただし、保管中の当パーキングの管理上による明確な不手際は補償対象となります。,f,◯,事前確認が重要,車両損傷の補償範囲明確化,2025-03-13 11:40:16.231,2025-03-13 11:40:16.231,'お預り時及びお引渡し時の相互未確認の車両の傷は免責です':1A 'ただし':5A '事前確認が重要':11 '保管中の当パーキングの管理上による明確な不手際は補償対象となります':6A '免責約款':7B '明らかに対象物のない傷は補償対象外です':4A '目視で確認できる範囲を記録しますが':2A '細かな擦り傷やチェック漏れ':3A '補償範囲':9B '車両の傷についてはどのように対応しますか':10C '車両損傷':8B
199,免責約款,機械不具合,免責,エンジンなど機械面での不具合は補償されますか？,お預り期間中の内燃機関及び補機類（ミッションやアクセル）の不具合については、車両の新旧に関わらず一切免責とさせていただきます。,f,✖️,機械不具合は補償対象外,機械不具合の免責明確化,2025-03-13 11:40:16.233,2025-03-13 11:40:16.233,'お預り期間中の内燃機関及び補機類':1A 'の不具合については':3A 'エンジンなど機械面での不具合は補償されますか':8C 'ミッションやアクセル':2A '免責':7B '免責約款':5B '機械不具合':6B '機械不具合は補償対象外':9 '車両の新旧に関わらず一切免責とさせていただきます':4A
200,免責約款,ガラス損傷,免責,ガラスの傷は補償されますか？,走行中の飛び石によるフロントガラスやサイドガラスの傷は、不可抗力による損傷のため免責とさせていただきます。,f,✖️,不可抗力による損傷は補償対象外,ガラス損傷の免責明確化,2025-03-13 11:40:16.234,2025-03-13 11:40:16.234,'ガラスの傷は補償されますか':6C 'ガラス損傷':4B '不可抗力による損傷のため免責とさせていただきます':2A '不可抗力による損傷は補償対象外':7 '免責':5B '免責約款':3B '走行中の飛び石によるフロントガラスやサイドガラスの傷は':1A
201,免責約款,タイヤ,パンク対応,タイヤのパンク時の対応は？,パンクが発生した場合、走行不能のため、お客様の了承なしに修理を行う場合があります。修理代金はお客様のご負担となります。,f,△,修理費用は利用者負担,パンク時の対応明確化,2025-03-13 11:40:16.236,2025-03-13 11:40:16.236,'お客様の了承なしに修理を行う場合があります':3A 'タイヤ':6B 'タイヤのパンク時の対応は':8C 'パンクが発生した場合':1A 'パンク対応':7B '修理代金はお客様のご負担となります':4A '修理費用は利用者負担':9 '免責約款':5B '走行不能のため':2A
202,免責約款,車内物品,免責,車内の貴重品の取り扱いについて,車両内の金品については、事前のお申し出のないものに関しては、全て免責とさせていただきます。,f,✖️,事前申告のない物品は補償対象外,車内物品の免責明確化,2025-03-13 11:40:16.24,2025-03-13 11:40:16.24,'事前のお申し出のないものに関しては':2A '事前申告のない物品は補償対象外':8 '免責':6B '免責約款':4B '全て免責とさせていただきます':3A '車両内の金品については':1A '車内の貴重品の取り扱いについて':7C '車内物品':5B
203,免責約款,走行距離,増加,走行距離の増加について,駐車場内での移動のため、お預りした時点より走行距離が増える場合があります。,f,◯,場内移動による距離増加あり,走行距離増加の説明,2025-03-13 11:40:16.243,2025-03-13 11:40:16.243,'お預りした時点より走行距離が増える場合があります':2A '免責約款':3B '場内移動による距離増加あり':7 '増加':5B '走行距離':4B '走行距離の増加について':6C '駐車場内での移動のため':1A
204,免責約款,盗難,補償範囲,盗難時の補償について,お預りした車両が盗難に遭った場合、当社契約保険会社の定める範囲内での補償となり、余剰金額が発生した際はお客様負担となります。,f,△,保険範囲内での補償,盗難時の補償範囲明確化,2025-03-13 11:40:16.245,2025-03-13 11:40:16.245,'お預りした車両が盗難に遭った場合':1A '余剰金額が発生した際はお客様負担となります':3A '保険範囲内での補償':8 '免責約款':4B '当社契約保険会社の定める範囲内での補償となり':2A '盗難':5B '盗難時の補償について':7C '補償範囲':6B
205,免責約款,天災,免責,天災地変時の補償について,天災地変、台風、洪水、雪、雹、落雷、その他暴動、反乱等、当社以外の責めによって生じた損害は全て免責とさせていただきます。,f,✖️,天災等による損害は補償対象外,天災時の免責明確化,2025-03-13 11:40:16.247,2025-03-13 11:40:16.247,'その他暴動':7A '免責':12B '免責約款':10B '反乱等':8A '台風':2A '天災':11B '天災地変':1A '天災地変時の補償について':13C '天災等による損害は補償対象外':14 '当社以外の責めによって生じた損害は全て免責とさせていただきます':9A '洪水':3A '落雷':6A '雪':4A '雹':5A
206,免責約款,その他,判断基準,約款に記載のない事項が発生した場合は？,補償対象か否かに疑義が生じたクレーム、トラブルは、損害保険会社と弊社に一任いただき、保管記録と事実関係の調査に基づき保険契約内容を基準に決定いたします。,f,△,保険会社との協議により決定,未記載事項の対応明確化,2025-03-13 11:40:16.249,2025-03-13 11:40:16.249,'その他':6B 'トラブルは':2A '保管記録と事実関係の調査に基づき保険契約内容を基準に決定いたします':4A '保険会社との協議により決定':9 '免責約款':5B '判断基準':7B '損害保険会社と弊社に一任いただき':3A '約款に記載のない事項が発生した場合は':8C '補償対象か否かに疑義が生じたクレーム':1A
207,アクセス,検索方法,GoogleMap,GoogleMapでの検索方法を教えてください,1.「パーク＆ライド羽田」で検索 2.オプションから「高速道路を使わない」を設定してください。,f,◯,正確な位置表示のため必要な設定,GoogleMapでの検索方法案内,2025-03-13 11:40:16.251,2025-03-13 11:40:16.251,'1':1A '2':5A 'googlemap':11B 'googlemapでの検索方法を教えてください':12C 'で検索':4A 'を設定してください':8A 'アクセス':9B 'オプションから':6A 'パーク':2A 'ライド羽田':3A '検索方法':10B '正確な位置表示のため必要な設定':13 '高速道路を使わない':7A
208,アクセス,住所,目印,住所はどこになりますか？,東京都大田区京浜島2-1 京浜島ふ頭公園付近です。公園向かい側、首都高湾岸線高架下の駐車場となります。首都高の下にあるためピンポイントでの住所表示はされません。,f,◯,目印を参考に特定,住所案内の明確化,2025-03-13 11:40:16.255,2025-03-13 11:40:16.255,'-1':2A 'アクセス':7B '京浜島ふ頭公園付近です':3A '住所':8B '住所はどこになりますか':10C '公園向かい側':4A '東京都大田区京浜島2':1A '目印':9B '目印を参考に特定':11 '首都高の下にあるためピンポイントでの住所表示はされません':6A '首都高湾岸線高架下の駐車場となります':5A
218,予約関連,キャンセル,,天候不良でキャンセルする場合は？,基本的にはキャンセルポリシーが適用されますが、台風などの悪天候によるキャンセルの場合は、状況に応じて対応いたします。事前にご連絡ください。,f,,,,2025-03-13 15:40:45.172,2025-03-13 15:40:45.172,'キャンセル':6B '予約関連':5B '事前にご連絡ください':4A '台風などの悪天候によるキャンセルの場合は':2A '基本的にはキャンセルポリシーが適用されますが':1A '天候不良でキャンセルする場合は':7C '状況に応じて対応いたします':3A
209,アクセス,首都高湾岸線,東京方面,首都高湾岸線（東京方面）からのアクセスは？,『大井南』を出て国道357号線を羽田空港方面へ直進。信号2つ目を10M程越えて右側首都高湾岸線の高架下。※2つ目の信号を左折しないよう注意（京浜島には入りません）,f,◯,左折禁止の注意必要,東京方面からの経路案内,2025-03-13 11:40:16.258,2025-03-13 11:40:16.258,"'2つ目の信号を左折しないよう注意':4A 'からのアクセスは':11C 'を出て国道357号線を羽田空港方面へ直進':2A 'アクセス':6B '京浜島には入りません':5A '信号2つ目を10m程越えて右側首都高湾岸線の高架下':3A '大井南':1A '左折禁止の注意必要':12 '東京方面':8B,10C '首都高湾岸線':7B,9C"
210,アクセス,首都高湾岸線,横浜方面,首都高湾岸線（横浜方面）からのアクセスは？,『湾岸環八』を出て環七・大井埠頭方面（357号）へ。空港北トンネルを出て1つ目の信号を右折。次の信号も右折。10メートル程で右側に駐車場入り口。,f,◯,トンネル後の右折注意,横浜方面からの経路案内,2025-03-13 11:40:16.261,2025-03-13 11:40:16.261,"'10メートル程で右側に駐車場入り口':8A '357号':4A 'からのアクセスは':14C 'へ':5A 'を出て環七':2A 'アクセス':9B 'トンネル後の右折注意':15 '大井埠頭方面':3A '横浜方面':11B,13C '次の信号も右折':7A '湾岸環八':1A '空港北トンネルを出て1つ目の信号を右折':6A '首都高湾岸線':10B,12C"
219,予約関連,キャンセル,,病気や怪我でキャンセルする場合は？,医療上の緊急事態による急なキャンセルの場合、医師の診断書などの証明書をご提示いただければ、キャンセル料を減免する場合があります。詳細はお問い合わせください。,f,,,,2025-03-13 15:40:52.921,2025-03-13 15:40:52.921,'キャンセル':6B 'キャンセル料を減免する場合があります':3A '予約関連':5B '医師の診断書などの証明書をご提示いただければ':2A '医療上の緊急事態による急なキャンセルの場合':1A '病気や怪我でキャンセルする場合は':7C '詳細はお問い合わせください':4A
211,アクセス,首都高羽田線,東京方面,首都高1号羽田線（東京方面）からのアクセスは？,『平和島出口』を出て、昭和島方面へ。南海橋を渡り1つ目の信号を左折。道なりに進み京和橋を渡り、国道357号線を羽田空港方面に右折。10メートル程で右側に駐車場入り口。,f,◯,2つの橋を経由,東京方面からの代替経路案内,2025-03-13 11:40:16.263,2025-03-13 11:40:16.263,"'10メートル程で右側に駐車場入り口':7A '2つの橋を経由':14 'からのアクセスは':13C 'を出て':2A 'アクセス':8B '南海橋を渡り1つ目の信号を左折':4A '国道357号線を羽田空港方面に右折':6A '平和島出口':1A '昭和島方面へ':3A '東京方面':10B,12C '道なりに進み京和橋を渡り':5A '首都高1号羽田線':11C '首都高羽田線':9B"
212,アクセス,首都高羽田線,横浜方面,首都高1号羽田線（横浜方面）からのアクセスは？,『羽田出口』を出て、環状8号線を羽田方面に右折。道なりに進み京浜急行の天空橋駅をこえて、2つ目の信号を左折。トンネルを出て、環七・大井埠頭方面（357号）へ。空港北トンネルを出て1つ目の信号を右折。次の信号も右折。10メートル程で右側に駐車場入り口。,f,◯,天空橋駅が目印,横浜方面からの代替経路案内,2025-03-13 11:40:16.265,2025-03-13 11:40:16.265,"'10メートル程で右側に駐車場入り口':13A '2つ目の信号を左折':5A '357号':9A 'からのアクセスは':19C 'へ':10A 'を出て':2A 'アクセス':14B 'トンネルを出て':6A '大井埠頭方面':8A '天空橋駅が目印':20 '横浜方面':16B,18C '次の信号も右折':12A '環七':7A '環状8号線を羽田方面に右折':3A '空港北トンネルを出て1つ目の信号を右折':11A '羽田出口':1A '道なりに進み京浜急行の天空橋駅をこえて':4A '首都高1号羽田線':17C '首都高羽田線':15B"
213,アクセス,目印,公園,最寄りの目印は何ですか？,1.京浜島ふ頭公園（向かい側） 2.首都高湾岸線高架下,f,◯,複数の目印を確認,目印情報の提供,2025-03-13 11:40:16.267,2025-03-13 11:40:16.267,'1':1A '2':4A 'アクセス':6B '京浜島ふ頭公園':2A '公園':8B '向かい側':3A '最寄りの目印は何ですか':9C '目印':7B '複数の目印を確認':10 '首都高湾岸線高架下':5A
214,アクセス,注意点,左折禁止,間違えやすい箇所はありますか？,1.東京方面から来る場合の2つ目の信号（左折禁止） 2.京浜島への進入,f,◯,誤進入に注意,要注意ポイントの明確化,2025-03-13 11:40:16.269,2025-03-13 11:40:16.269,"'1':1A '2':4A 'アクセス':6B '京浜島への進入':5A '左折禁止':3A,8B '東京方面から来る場合の2つ目の信号':2A '注意点':7B '誤進入に注意':10 '間違えやすい箇所はありますか':9C"
